Element,Mass,Abund,Label
H,1,100,H-1
H,2,0,H-2
He,3,0,He-3
He,4,100,He-4
Li,6,7.4,Li-6
Li,7,92.6,Li-7
Be,9,100,Be-9
B,10,19.8,B-10
B,11,80.2,B-11
C,12,98.9,C-12
C,13,1.1,C-13
N,14,99.6,N-14
N,15,0.4,N-15
O,16,99.8,O-16
O,18,0.2,O-18
F,19,100,F-19
Ne,20,90.6,Ne-20
Ne,21,0.3,Ne-21
Ne,22,9.2,Ne-22
Na,23,100,Na-23
Mg,24,78.9,Mg-24
Mg,25,10,Mg-25
Mg,26,11.1,Mg-26
Al,27,100,Al-27
Si,28,92.2,Si-28
Si,29,4.7,Si-29
Si,30,3.1,Si-30
P,31,100,P-31
S,32,95,S-32
S,33,0.8,S-33
S,34,4.2,S-34
Cl,35,75.8,Cl-35
S,36,0,S-36
Ar,36,0.3,Ar-36
Cl,37,24.2,Cl-37
Ar,38,0.1,Ar-38
K,39,93.2,K-39
Ar,40,99.6,Ar-40
Ca,40,97,Ca-40
K,40,0,K-40
K,41,6.7,K-41
Ca,42,0.7,Ca-42
Ca,43,0.1,Ca-43
Ca,44,20.9,Ca-44
Sc,45,100,Sc-45
Ti,46,8,Ti-46
Ca,46,0,Ca-46
Ti,47,7.3,Ti-47
Ti,48,73.8,Ti-48
Ca,48,0.2,Ca-48
Ti,49,5.5,Ti-49
Ti,50,5.4,Ti-50
Cr,50,4.4,Cr-50
V,50,0.3,V-50
V,51,99.8,V-51
Cr,52,83.8,Cr-52
Cr,53,9.5,Cr-53
Cr,54,2.4,Cr-54
Fe,54,5.8,Fe-54
Mn,55,100,Mn-55
Fe,56,91.7,Fe-56
Fe,57,2.2,Fe-57
Fe,58,0.3,Fe-58
Ni,58,68.3,Ni-58
Co,59,100,Co-59
Ni,60,26.1,Ni-60
Ni,61,1.1,Ni-61
Ni,62,3.6,Ni-62
Cu,63,69.2,Cu-63
Ni,64,0.9,Ni-64
Zn,64,48.6,Zn-64
Cu,65,30.8,Cu-65
Zn,66,27.9,Zn-66
Zn,67,4.1,Zn-67
Zn,68,18.8,Zn-68
Ga,69,60.1,Ga-69
Ge,70,20.5,Ge-70
Zn,70,0.6,Zn-70
Ga,71,39.9,Ga-71
Ge,72,27.4,Ge-72
Ge,73,7.8,Ge-73
Ge,74,36.5,Ge-74
Se,74,0.9,Se-74
As,75,100,As-75
Ge,75,7.8,Ge-75
Se,76,9,Se-76
Se,77,7.6,Se-77
Se,78,23.5,Se-78
Kr,78,0.4,Kr-78
Kr,80,2.3,Kr-80
Se,80,49.6,Se-80
Br,81,50.7,Br-81
Br,81,49.3,Br-81
Kr,82,11.6,Kr-82
Se,82,9.4,Se-82
Kr,83,11.5,Kr-83
Kr,84,57,Kr-84
Sr,84,0.6,Sr-84
Rb,85,72.2,Rb-85
Sr,86,9.9,Sr-86
Kr,86,17.3,Kr-86
Sr,87,7,Sr-87
Rb,87,27.8,Rb-87
Sr,88,82.6,Sr-88
Y,89,100,Y-89
Zr,90,51.5,Zr-90
Zr,91,11.3,Zr-91
Zr,92,17.2,Zr-92
Mo,92,14.8,Mo-92
Nb,93,100,Nb-93
Mo,94,9.3,Mo-94
Zr,94,17.3,Zr-94
Mo,95,15.9,Mo-95
Mo,96,16.7,Mo-96
Ru,96,5.5,Ru-96
Zr,96,2.8,Zr-96
Mo,97,9.6,Mo-97
Tc,97,33.3,Tc-97
Ru,98,1.9,Ru-98
Mo,98,24.1,Mo-98
Tc,98,33.3,Tc-98
Ru,99,12.7,Ru-99
Tc,99,33.3,Tc-99
Ru,100,12.6,Ru-100
Mo,100,9.6,Mo-100
Ru,101,17,Ru-101
Ru,102,31.6,Ru-102
Pd,102,1,Pd-102
Rh,103,100,Rh-103
Pd,104,11.1,Pd-104
Ru,104,18.7,Ru-104
Pd,105,22.3,Pd-105
Pd,106,27.3,Pd-106
Cd,106,1.3,Cd-106
Ag,107,51.8,Ag-107
Pd,108,26.5,Pd-108
Ag,109,48.2,Ag-109
Cd,110,12.5,Cd-110
Pd,110,11.7,Pd-110
Cd,111,12.8,Cd-111
Cd,112,24.1,Cd-112
In,113,4.3,In-113
Cd,113,12.2,Cd-113
Cd,114,28.7,Cd-114
In,115,95.7,In-115
Sn,116,14.7,Sn-116
Cd,116,7.5,Cd-116
Sb,117,7.7,Sb-117
Sn,118,24.3,Sn-118
Sn,119,8.6,Sn-119
Sn,120,32.4,Sn-120
Sb,121,57.3,Sb-121
Te,122,2.6,Te-122
Sn,122,4.6,Sn-122
Sb,123,42.7,Sb-123
Te,123,0.9,Te-123
Te,124,4.8,Te-124
Sn,124,5.6,Sn-124
Te,125,7.1,Te-125
Te,126,19,Te-126
I,127,100,I-127
Xe,128,1.9,Xe-128
Te,128,31.7,Te-128
Xe,129,26.4,Xe-129
Xe,130,4.1,Xe-130
Te,130,33.8,Te-130
Ba,130,0.1,Ba-130
Xe,131,21.2,Xe-131
Xe,132,26.9,Xe-132
Ba,132,0.1,Ba-132
Cs,133,100,Cs-133
Ba,134,2.4,Ba-134
Xe,134,10.4,Xe-134
Ba,135,6.6,Ba-135
Ba,136,7.9,Ba-136
Ce,136,0.2,Ce-136
Xe,136,8.9,Xe-136
Ba,137,11.2,Ba-137
Ba,138,71.7,Ba-138
Ce,138,0.3,Ce-138
La,138,0.1,La-138
La,139,99.9,La-139
Ce,140,88.5,Ce-140
Pr,141,100,Pr-141
Nd,142,27.1,Nd-142
Ce,142,11.1,Ce-142
Nd,143,12.2,Nd-143
Nd,144,23.8,Nd-144
Sm,144,3.1,Sm-144
Nd,145,8.3,Nd-145
Nd,146,17.2,Nd-146
Sm,147,15,Sm-147
Sm,148,11.3,Sm-148
Nd,148,5.8,Nd-148
Sm,149,13.8,Sm-149
Sm,150,7.4,Sm-150
Nd,150,5.6,Nd-150
Eu,151,47.8,Eu-151
Sm,152,25.7,Sm-152
Gd,152,0.2,Gd-152
Eu,153,52.2,Eu-153
Gd,154,2.2,Gd-154
Sm,154,22.7,Sm-154
Gd,155,14.8,Gd-155
Gd,156,20.5,Gd-156
Dy,156,0.1,Dy-156
Gd,157,15.7,Gd-157
Gd,158,24.8,Gd-158
Dy,158,0.1,Dy-158
Tb,159,100,Tb-159
Dy,160,2.3,Dy-160
Gd,160,21.9,Gd-160
Dy,161,18.9,Dy-161
Dy,162,25.5,Dy-162
Er,162,0.1,Er-162
Dy,163,24.9,Dy-163
Dy,164,28.2,Dy-164
Er,164,1.6,Er-164
Ho,165,100,Ho-165
Er,166,33.6,Er-166
Er,167,23,Er-167
Er,168,26.8,Er-168
Yb,168,0.1,Yb-168
Tm,169,100,Tm-169
Yb,170,3.1,Yb-170
Er,170,14.9,Er-170
Yb,171,14.3,Yb-171
Yb,172,21.9,Yb-172
Yb,173,16.1,Yb-173
Yb,174,31.8,Yb-174
Hf,174,0.2,Hf-174
Lu,175,97.4,Lu-175
Hf,176,5.2,Hf-176
Yb,176,12.7,Yb-176
Lu,176,2.6,Lu-176
Hf,177,18.6,Hf-177
Hf,178,27.1,Hf-178
Hf,179,13.7,Hf-179
Hf,180,35.2,Hf-180
W,180,0.1,W-180
Ta,180,0,Ta-180
Ta,181,100,Ta-181
W,182,26.3,W-182
W,183,14.3,W-183
W,184,30.7,W-184
Os,184,0,Os-184
Re,185,37.4,Re-185
Os,186,1.6,Os-186
W,186,23.6,W-186
Os,187,1.6,Os-187
Re,187,62.6,Re-187
Os,188,13.3,Os-188
Os,189,16.1,Os-189
Os,190,26.4,Os-190
Pt,190,0,Pt-190
Ir,191,37.3,Ir-191
Pt,192,0.8,Pt-192
Os,192,41,Os-192
Ir,193,62.7,Ir-193
Pt,194,32.9,Pt-194
Pt,195,33.8,Pt-195
Pt,196,25.3,Pt-196
Hg,196,0.2,Hg-196
Au,197,100,Au-197
Hg,198,10.1,Hg-198
Pt,198,7.2,Pt-198
Hg,199,17,Hg-199
Hg,200,23.1,Hg-200
Hg,201,13.2,Hg-201
Hg,202,29.7,Hg-202
Tl,203,29.5,Tl-203
Pb,204,1.4,Pb-204
Hg,204,6.8,Hg-204
Tl,205,70.5,Tl-205
Pb,206,24.1,Pb-206
Pb,207,22.1,Pb-207
Pb,208,52.4,Pb-208
Bi,209,100,Bi-209
Rn,219,33.3,Rn-219
Rn,220,33.3,Rn-220
Rn,222,33.3,Rn-222
Th,233,100,Th-233
U,234,0,U-234
U,235,0.7,U-235
U,238,99.3,U-238
Pu,239,33.3,Pu-239
Pu,240,33.3,Pu-240
Pu,241,33.3,Pu-241